--
-- Script was generated by Devart dbForge Studio 2019 for MySQL, Version 8.2.23.0
-- Product home page: http://www.devart.com/dbforge/mysql/studio
-- Script date 16.04.2020 0:22:33
-- Server version: 5.5.5-10.3.13-MariaDB-log
-- Client version: 4.1
--

-- 
-- Disable foreign keys
-- 
/*!40014 SET @OLD_FOREIGN_KEY_CHECKS=@@FOREIGN_KEY_CHECKS, FOREIGN_KEY_CHECKS=0 */;

-- 
-- Set SQL mode
-- 
/*!40101 SET @OLD_SQL_MODE=@@SQL_MODE, SQL_MODE='NO_AUTO_VALUE_ON_ZERO' */;

-- 
-- Set character set the client will use to send SQL statements to the server
--
SET NAMES 'utf8';

--
-- Set default database
--
USE arlan_college;

--
-- Drop table `arlan_graduate_time`
--
DROP TABLE IF EXISTS arlan_graduate_time;

--
-- Drop table `arlan_classroom`
--
DROP TABLE IF EXISTS arlan_classroom;

--
-- Drop table `arlan_day`
--
DROP TABLE IF EXISTS arlan_day;

--
-- Drop table `arlan_lesson_num`
--
DROP TABLE IF EXISTS arlan_lesson_num;

--
-- Drop table `arlan_graduate`
--
DROP TABLE IF EXISTS arlan_graduate;

--
-- Drop table `arlan_course`
--
DROP TABLE IF EXISTS arlan_course;

--
-- Drop table `arlan_student`
--
DROP TABLE IF EXISTS arlan_student;

--
-- Drop table `arlan_gruppa`
--
DROP TABLE IF EXISTS arlan_gruppa;

--
-- Drop table `arlan_special`
--
DROP TABLE IF EXISTS arlan_special;

--
-- Drop table `arlan_teacher`
--
DROP TABLE IF EXISTS arlan_teacher;

--
-- Drop table `arlan_otdel`
--
DROP TABLE IF EXISTS arlan_otdel;

--
-- Drop table `arlan_user`
--
DROP TABLE IF EXISTS arlan_user;

--
-- Drop table `arlan_gender`
--
DROP TABLE IF EXISTS arlan_gender;

--
-- Set default database
--
USE arlan_college;

--
-- Create table `arlan_gender`
--
CREATE TABLE arlan_gender (
  gender_id tinyint(4) NOT NULL AUTO_INCREMENT,
  name varchar(10) DEFAULT NULL,
  PRIMARY KEY (gender_id)
)
ENGINE = INNODB,
AUTO_INCREMENT = 3,
AVG_ROW_LENGTH = 8192,
CHARACTER SET utf8mb4,
COLLATE utf8mb4_unicode_ci;

--
-- Create table `arlan_user`
--
CREATE TABLE arlan_user (
  user_id bigint(20) NOT NULL AUTO_INCREMENT,
  lastname varchar(55) DEFAULT NULL,
  firstname varchar(55) DEFAULT NULL,
  patronomic varchar(55) DEFAULT NULL,
  login varchar(255) DEFAULT NULL,
  pass varchar(255) DEFAULT NULL,
  gender_id tinyint(4) DEFAULT NULL,
  birthday date DEFAULT NULL,
  PRIMARY KEY (user_id)
)
ENGINE = INNODB,
AUTO_INCREMENT = 13,
AVG_ROW_LENGTH = 1365,
CHARACTER SET utf8mb4,
COLLATE utf8mb4_unicode_ci;

--
-- Create foreign key
--
ALTER TABLE arlan_user
ADD CONSTRAINT FK_arlan_user_arlan_gender_gender_id FOREIGN KEY (gender_id)
REFERENCES arlan_gender (gender_id) ON DELETE NO ACTION ON UPDATE NO ACTION;

--
-- Create table `arlan_otdel`
--
CREATE TABLE arlan_otdel (
  otdel_id smallint(6) NOT NULL AUTO_INCREMENT,
  name varchar(50) DEFAULT NULL,
  PRIMARY KEY (otdel_id)
)
ENGINE = INNODB,
AUTO_INCREMENT = 5,
AVG_ROW_LENGTH = 4096,
CHARACTER SET utf8mb4,
COLLATE utf8mb4_unicode_ci;

--
-- Create table `arlan_teacher`
--
CREATE TABLE arlan_teacher (
  user_id bigint(20) NOT NULL,
  otdel_id smallint(6) DEFAULT NULL,
  PRIMARY KEY (user_id)
)
ENGINE = INNODB,
AVG_ROW_LENGTH = 3276,
CHARACTER SET utf8mb4,
COLLATE utf8mb4_unicode_ci;

--
-- Create foreign key
--
ALTER TABLE arlan_teacher
ADD CONSTRAINT FK_arlan_teacher_arlan_otdel_otdel_id FOREIGN KEY (otdel_id)
REFERENCES arlan_otdel (otdel_id) ON DELETE NO ACTION ON UPDATE NO ACTION;

--
-- Create foreign key
--
ALTER TABLE arlan_teacher
ADD CONSTRAINT FK_arlan_teacher_arlan_user_user_id FOREIGN KEY (user_id)
REFERENCES arlan_user (user_id) ON DELETE NO ACTION ON UPDATE NO ACTION;

--
-- Create table `arlan_special`
--
CREATE TABLE arlan_special (
  special_id int(11) NOT NULL AUTO_INCREMENT,
  name varchar(50) DEFAULT NULL,
  otdel_id smallint(6) DEFAULT NULL,
  PRIMARY KEY (special_id)
)
ENGINE = INNODB,
AUTO_INCREMENT = 7,
AVG_ROW_LENGTH = 2730,
CHARACTER SET utf8mb4,
COLLATE utf8mb4_unicode_ci;

--
-- Create foreign key
--
ALTER TABLE arlan_special
ADD CONSTRAINT FK_arlan_special_arlan_otdel_otdel_id FOREIGN KEY (otdel_id)
REFERENCES arlan_otdel (otdel_id) ON DELETE NO ACTION ON UPDATE NO ACTION;

--
-- Create table `arlan_gruppa`
--
CREATE TABLE arlan_gruppa (
  gruppa_id int(11) NOT NULL AUTO_INCREMENT,
  name varchar(10) DEFAULT NULL,
  special_id int(11) DEFAULT NULL,
  date_begin date DEFAULT NULL,
  date_end date DEFAULT NULL,
  PRIMARY KEY (gruppa_id)
)
ENGINE = INNODB,
AUTO_INCREMENT = 8,
AVG_ROW_LENGTH = 2730,
CHARACTER SET utf8mb4,
COLLATE utf8mb4_unicode_ci;

--
-- Create foreign key
--
ALTER TABLE arlan_gruppa
ADD CONSTRAINT FK_arlan_gruppa_arlan_special_special_id FOREIGN KEY (special_id)
REFERENCES arlan_special (special_id) ON DELETE NO ACTION ON UPDATE NO ACTION;

--
-- Create table `arlan_student`
--
CREATE TABLE arlan_student (
  user_id bigint(20) NOT NULL,
  gruppa_id int(11) DEFAULT NULL,
  num_zach varchar(250) DEFAULT NULL,
  PRIMARY KEY (user_id)
)
ENGINE = INNODB,
AVG_ROW_LENGTH = 2340,
CHARACTER SET utf8mb4,
COLLATE utf8mb4_unicode_ci;

--
-- Create foreign key
--
ALTER TABLE arlan_student
ADD CONSTRAINT FK_arlan_student_arlan_gruppa_gruppa_id FOREIGN KEY (gruppa_id)
REFERENCES arlan_gruppa (gruppa_id) ON DELETE NO ACTION ON UPDATE NO ACTION;

--
-- Create foreign key
--
ALTER TABLE arlan_student
ADD CONSTRAINT FK_arlan_student_arlan_user_user_id FOREIGN KEY (user_id)
REFERENCES arlan_user (user_id) ON DELETE NO ACTION ON UPDATE NO ACTION;

--
-- Create table `arlan_course`
--
CREATE TABLE arlan_course (
  course_id int(11) NOT NULL AUTO_INCREMENT,
  name varchar(50) DEFAULT NULL,
  special_id int(11) DEFAULT NULL,
  hourse smallint(6) DEFAULT NULL,
  PRIMARY KEY (course_id)
)
ENGINE = INNODB,
AUTO_INCREMENT = 8,
AVG_ROW_LENGTH = 2730,
CHARACTER SET utf8mb4,
COLLATE utf8mb4_unicode_ci;

--
-- Create foreign key
--
ALTER TABLE arlan_course
ADD CONSTRAINT FK_arlan_course_arlan_special_special_id FOREIGN KEY (special_id)
REFERENCES arlan_special (special_id) ON DELETE NO ACTION ON UPDATE NO ACTION;

--
-- Create table `arlan_graduate`
--
CREATE TABLE arlan_graduate (
  graduate_id int(11) NOT NULL AUTO_INCREMENT,
  gruppa_id int(11) DEFAULT NULL,
  course_id int(11) DEFAULT NULL,
  user_id bigint(20) DEFAULT NULL,
  PRIMARY KEY (graduate_id)
)
ENGINE = INNODB,
AUTO_INCREMENT = 5,
AVG_ROW_LENGTH = 4096,
CHARACTER SET utf8mb4,
COLLATE utf8mb4_unicode_ci;

--
-- Create foreign key
--
ALTER TABLE arlan_graduate
ADD CONSTRAINT FK_arlan_graduate_arlan_course_course_id FOREIGN KEY (course_id)
REFERENCES arlan_course (course_id) ON DELETE NO ACTION ON UPDATE NO ACTION;

--
-- Create foreign key
--
ALTER TABLE arlan_graduate
ADD CONSTRAINT FK_arlan_graduate_arlan_gruppa_gruppa_id FOREIGN KEY (gruppa_id)
REFERENCES arlan_gruppa (gruppa_id) ON DELETE NO ACTION ON UPDATE NO ACTION;

--
-- Create foreign key
--
ALTER TABLE arlan_graduate
ADD CONSTRAINT FK_arlan_graduate_arlan_teacher_user_id FOREIGN KEY (user_id)
REFERENCES arlan_teacher (user_id) ON DELETE NO ACTION ON UPDATE NO ACTION;

--
-- Create table `arlan_lesson_num`
--
CREATE TABLE arlan_lesson_num (
  lesson_num_id int(11) NOT NULL AUTO_INCREMENT,
  name varchar(50) DEFAULT NULL,
  time_lesson time DEFAULT NULL,
  year_lesson year(4) DEFAULT NULL,
  PRIMARY KEY (lesson_num_id)
)
ENGINE = INNODB,
AUTO_INCREMENT = 6,
AVG_ROW_LENGTH = 3276,
CHARACTER SET utf8mb4,
COLLATE utf8mb4_unicode_ci;

--
-- Create table `arlan_day`
--
CREATE TABLE arlan_day (
  day_id tinyint(4) NOT NULL AUTO_INCREMENT,
  name varchar(20) DEFAULT NULL,
  PRIMARY KEY (day_id)
)
ENGINE = INNODB,
AUTO_INCREMENT = 8,
AVG_ROW_LENGTH = 2730,
CHARACTER SET utf8mb4,
COLLATE utf8mb4_unicode_ci;

--
-- Create table `arlan_classroom`
--
CREATE TABLE arlan_classroom (
  classroom_id int(11) NOT NULL AUTO_INCREMENT,
  name varchar(50) DEFAULT NULL,
  PRIMARY KEY (classroom_id)
)
ENGINE = INNODB,
AUTO_INCREMENT = 7,
AVG_ROW_LENGTH = 2730,
CHARACTER SET utf8mb4,
COLLATE utf8mb4_unicode_ci;

--
-- Create table `arlan_graduate_time`
--
CREATE TABLE arlan_graduate_time (
  graduate_time_id int(11) NOT NULL AUTO_INCREMENT,
  graduate_id int(11) DEFAULT NULL,
  day_id tinyint(4) DEFAULT NULL,
  lesson_num_id int(11) DEFAULT NULL,
  classroom_id int(11) DEFAULT NULL,
  PRIMARY KEY (graduate_time_id)
)
ENGINE = INNODB,
AUTO_INCREMENT = 5,
AVG_ROW_LENGTH = 4096,
CHARACTER SET utf8mb4,
COLLATE utf8mb4_unicode_ci;

--
-- Create foreign key
--
ALTER TABLE arlan_graduate_time
ADD CONSTRAINT FK_arlan_graduate_time_arlan_classroom_classroom_id FOREIGN KEY (classroom_id)
REFERENCES arlan_classroom (classroom_id) ON DELETE NO ACTION ON UPDATE NO ACTION;

--
-- Create foreign key
--
ALTER TABLE arlan_graduate_time
ADD CONSTRAINT FK_arlan_graduate_time_arlan_day_day_id FOREIGN KEY (day_id)
REFERENCES arlan_day (day_id) ON DELETE NO ACTION ON UPDATE NO ACTION;

--
-- Create foreign key
--
ALTER TABLE arlan_graduate_time
ADD CONSTRAINT FK_arlan_graduate_time_arlan_graduate_graduate_id FOREIGN KEY (graduate_id)
REFERENCES arlan_graduate (graduate_id) ON DELETE NO ACTION ON UPDATE NO ACTION;

--
-- Create foreign key
--
ALTER TABLE arlan_graduate_time
ADD CONSTRAINT FK_arlan_graduate_time_arlan_lesson_num_lesson_num_id FOREIGN KEY (lesson_num_id)
REFERENCES arlan_lesson_num (lesson_num_id) ON DELETE NO ACTION ON UPDATE NO ACTION;

-- 
-- Dumping data for table arlan_gender
--
INSERT INTO arlan_gender VALUES
(1, 'Мужской'),
(2, 'Женский');

-- 
-- Dumping data for table arlan_user
--
INSERT INTO arlan_user VALUES
(1, 'Иванов', 'Иван', 'Иванович', 'root', 'root', 1, '1975-05-25'),
(2, 'Петров', 'Петр', 'Петрович', 'root', 'root', 1, '1980-08-06'),
(3, 'Козлов', 'Иван', 'Афанасьевич', 'root', 'root', 1, '1985-04-15'),
(4, 'Чурюмов', 'Кристина', 'Федоровна', 'root', 'root', 2, '1990-05-20'),
(5, 'Васильев', 'Феофан', 'Александрович', 'root', 'root', 1, '9991-01-13'),
(6, 'Федорова', 'Милана', 'Андреевна', 'root', 'root', 2, '1998-04-15'),
(7, 'Нуржанов', 'Нуржан', 'Нуржанович', 'root', 'root', 1, '1999-09-18'),
(8, 'Канатов', 'Канат', 'Канатович', 'root', 'root', 1, '1999-07-07'),
(9, 'Золотая', 'Ирина', 'Кайратовна', 'root', 'root', 2, '2000-09-14'),
(10, 'Серая', 'Арина', 'Радионовна', 'root', 'root', 2, '2000-10-29'),
(11, 'Петухов', 'Виталий', 'Фадеевич', 'root', 'root', 1, '2000-02-20'),
(12, 'Котова', 'Аурелия', 'Ароновна', 'root', 'root', 2, '2002-12-19');

-- 
-- Dumping data for table arlan_otdel
--
INSERT INTO arlan_otdel VALUES
(1, 'Информационные системы'),
(2, 'Технические специальности'),
(3, 'Автоматизация и управление'),
(4, NULL);

-- 
-- Dumping data for table arlan_special
--
INSERT INTO arlan_special VALUES
(1, 'Информационные системы', 1),
(2, 'Нефтегазовое дело', 2),
(3, 'Автоматизация и управление', 3),
(4, 'Электроснабжение', 3),
(5, 'ВТ и ПО', 1),
(6, 'Строительство и эксплуатация зданий и сооружений', 2);

-- 
-- Dumping data for table arlan_teacher
--
INSERT INTO arlan_teacher VALUES
(1, 1),
(2, 1),
(3, 2),
(5, 2),
(4, 3);

-- 
-- Dumping data for table arlan_course
--
INSERT INTO arlan_course VALUES
(1, 'Основы алгоритмизации', 1, 90),
(2, 'Электротехник', 3, 106),
(3, 'Основы алгоритмизации', 5, 52),
(4, 'Мкльтимедиа технологии', 1, 36),
(5, 'Техническая механика', 6, 96),
(6, 'Промышленная электротехника', 4, 108),
(7, 'Автоматизированные ИС', 1, 86);

-- 
-- Dumping data for table arlan_gruppa
--
INSERT INTO arlan_gruppa VALUES
(1, '101 ИС', 1, '2016-09-01', '2020-07-01'),
(2, '102 АС', 3, '2016-09-01', '2020-07-01'),
(3, '302 ИС', 1, '2014-09-01', '2018-07-01'),
(4, '302 АС', 3, '2014-09-01', '2018-07-01'),
(5, '202 С ', 6, '2015-09-01', '2019-07-01'),
(6, '404 П', 5, '2014-09-01', '2017-07-01'),
(7, '303 ЭЛ', 4, '2014-09-01', '2018-07-01');

-- 
-- Dumping data for table arlan_lesson_num
--
INSERT INTO arlan_lesson_num VALUES
(1, 'Основы автоматизации', '15:40:00', 2020),
(2, 'Электротехника', '13:20:00', 2020),
(3, 'Электротехника', '12:25:00', 2020),
(4, 'Технологическая механика', '08:19:00', 2020),
(5, 'Промышленная электротехника', '08:30:00', 2020);

-- 
-- Dumping data for table arlan_graduate
--
INSERT INTO arlan_graduate VALUES
(1, 1, 1, 1),
(2, 2, 3, 3),
(3, 3, 5, 5),
(4, 5, 4, 4);

-- 
-- Dumping data for table arlan_day
--
INSERT INTO arlan_day VALUES
(1, 'Понедельник'),
(2, 'Вторник'),
(3, 'Среда'),
(4, 'Четверг'),
(5, 'Пятница'),
(6, 'Суббота'),
(7, 'Воскресенье');

-- 
-- Dumping data for table arlan_classroom
--
INSERT INTO arlan_classroom VALUES
(1, 'Основы автоматизации'),
(2, 'Технологическая механикаОсновы автоматизации'),
(3, 'Мультимедиа технологии'),
(4, 'Технологическая механика'),
(5, 'Промышленная электротехника'),
(6, 'Австоматизированные ис');

-- 
-- Dumping data for table arlan_student
--
INSERT INTO arlan_student VALUES
(6, 1, 'К1020'),
(7, 2, 'А5292'),
(8, 2, 'В8578'),
(9, 5, 'Р5285'),
(10, 4, 'Ф5285'),
(11, 1, 'К7485'),
(12, 3, 'А2585');

-- 
-- Dumping data for table arlan_graduate_time
--
INSERT INTO arlan_graduate_time VALUES
(1, 1, 3, 1, 2),
(2, 2, 4, 3, 3),
(3, 3, 3, 4, 4),
(4, 3, 6, 3, 3);

-- 
-- Restore previous SQL mode
-- 
/*!40101 SET SQL_MODE=@OLD_SQL_MODE */;

-- 
-- Enable foreign keys
-- 
/*!40014 SET FOREIGN_KEY_CHECKS = @OLD_FOREIGN_KEY_CHECKS */;